image_name,id,num_sections
79050514_GPGUHO9Q.png,79050514,8
79042213_bZgBlMAU.png,79042213,3
79142755_eAw8IiDv.png,79142755,6
79082901_V0hdKGst.png,79082901,1
79089625_AylR3h8J.png,79089625,1
79120816_9SW9hTKN.png,79120816,2
79121381_pTOsQMfg.png,79121381,1
79146412_efq4SfvI.png,79146412,11
79136659_GZTRBlQE.png,79136659,8
79127167_e8My9Qhv.png,79127167,5
79124931_H32mXiqO.png,79124931,1
79050210_820vUuoT.png,79050210,3
79118490_fzJGQo6t.png,79118490,5
79118826_Um4TP9wE.png,79118826,4
79081114_AFTN318J.png,79081114,1
79138170_EDy3Vp5Z.png,79138170,1
79145758_19LCKEF3.png,79145758,6
79079562_wjtwXXtY.png,79079562,3
79084966_bdM0JMUr.png,79084966,3
79042751_UDOBwGBE.png,79042751,6
79146127_Jp5wj6k2.png,79146127,1
79046052_lGJEgbp9.png,79046052,1
79085902_6izbAiBM.png,79085902,6
79139318_VTAkvith.png,79139318,3
79115093_WxsirEwX.png,79115093,1
79084406_rUHWv1Ok.png,79084406,5
79143664_nBxYcbPN.png,79143664,5
79139152_2fKsmudM.png,79139152,7
79041900_jtsyQ5SF.png,79041900,7
79084609_56sa3AHO.png,79084609,4
79139436_gbkBzoIz.png,79139436,4
79045030_pPKxvQfg.png,79045030,1
79087096_tCHgXIwy.png,79087096,6
79121996_Gkik9HQE.png,79121996,4
79041579_IDhPqpWk.png,79041579,2
79144187_Hh8PTnOy.png,79144187,1
79096695_19npgJF3.png,79096695,4
79143159_Wx2O3tuw.png,79143159,9
79118958_DdBchBy4.png,79118958,1
79097264_M6dHfomp.png,79097264,6
79126371_oFNHpsA4.png,79126371,1
79081164_M6tD2ECp.png,79081164,6
79118274_8MBuFSpT.png,79118274,1
79144033_nzNZv4PN.png,79144033,4
79129180_19zLFyT3.png,79129180,4
79083932_ithCq55j.png,79083932,1
79142984_lQYevAx9.png,79142984,1
79121211_kZZIev7b.png,79121211,2
79143556_AJzeUB68.png,79143556,4
79142221_fzGmlmh6.png,79142221,11
79044080_TGFPo9Jj.png,79044080,1
79144988_EDq0aasZ.png,79144988,4
79049664_FyOBqpDV.png,79049664,1
79123414_BP9nEtzu.png,79123414,1
79048500_IYkUesuW.png,79048500,1
79139703_0bOrA4BC.png,79139703,4
79126629_lGZ044A9.png,79126629,6
79120292_4rqO7pLj.png,79120292,1
79093194_pBdrFujf.png,79093194,13
79120956_TceaM8Jj.png,79120956,1
79122871_G0MsWnQE.png,79122871,4
79131431_2f4Hgd7M.png,79131431,10
79127434_rUjXhy3k.png,79127434,3
79114567_f53Qz3T6.png,79114567,1
79145106_82bgJS6T.png,79145106,11
79125174_BhETOnzu.png,79125174,5
79115487_zjJIN15n.png,79115487,7
79144053_DxV5NS4E.png,79144053,5
79132115_EXxgbgZP.png,79132115,11
79045146_Jfs1rLL2.png,79045146,2
79130670_z1YwbLo5.png,79130670,10
79081171_F0RKF55V.png,79081171,1
79146548_MgGjdapB.png,79146548,1
79118923_pzKezGZf.png,79118923,1
79119961_oJ9TnyWA.png,79119961,7
79120927_4hzwYRNL.png,79120927,4
79049369_AJDGaLX8.png,79049369,13
79048749_oTXsr3dA.png,79048749,3
79079487_oJ8paLbA.png,79079487,2
79144165_xhBldoiI.png,79144165,2
79041624_hero.png,79041624,9
79143195_2zhk1YM6.png,79143195,6
79049234_9XAvvDKN.png,79049234,1
79080719_JWwKBC2C.png,79080719,6
79041481_6QZANKBM.png,79041481,2
79144079_wzeQJ3Y8.png,79144079,2
79047610_wsOQD2Y8.png,79047610,5
79130069_8MshlpvT.png,79130069,5
79118138_2gsnaFM6.png,79118138,10
79126749_82mWjPWT.png,79126749,1
79078823_lGCQGu49.png,79078823,1
79142883_A2MHhmo8.png,79142883,3
79123619_k5weewb8.png,79123619,4
79045792_v8wLBHbo.png,79045792,7
79079676_6HGm3OhB.png,79079676,8
79087062_1mHHqh3L.png,79087062,2
79129486_UmbnXX8E.png,79129486,8
79117563_2fg5TEVM.png,79117563,7
79089559_GsrFPJNQ.png,79089559,9
79122545_MLAIgRpB.png,79122545,1
79116172_YjoYYwTx.png,79116172,1
79045307_4lMqJMLj.png,79045307,2
79044774_7oNy7lGe.png,79044774,3
79087874_FyD7r9hV.png,79087874,17
79143620_fYphmK6t.png,79143620,9
79136777_fYDRrB6t.png,79136777,6
79130057_OlJSI9r1.png,79130057,1
79118152_ItLSPfWk.png,79118152,6
79127946_KWgiM4Gy.png,79127946,9
79085798_Z4xqkJ5m.png,79085798,3
79137268_6HixI1gB.png,79137268,6
79146419_THwNK2Jj.png,79146419,1
79122325_mL0Y4C0D.png,79122325,1
79087767_yk8gn2U0.png,79087767,1
79118843_XWkwseTc.png,79118843,1
79079438_FIQkntVo.png,79079438,1
79121278_gYFCGJ4I.png,79121278,10
79122150_KN709gGy.png,79122150,1
79120973_BdmrXvzu.png,79120973,2
79130522_eqCb0qvI.png,79130522,4
79124400_QrPEq4nZ.png,79124400,4
79083164_65GOXlcB.png,79083164,3
79131385_EBIgqZPa.png,79131385,3
79125244_EDCrYsvZ.png,79125244,4
79093513_VWdcjLth.png,79093513,3
79120264_TMfaa6aJ.png,79120264,8
79114987_mLUNjqXD.png,79114987,8
79130607_ykeZwCx0.png,79130607,4
79143777_LDNmBbdr.png,79143777,7
79144476_FFZhjMVo.png,79144476,1
79090291_GPA2iHgQ.png,79090291,6
79130391_MsS9b9pB.png,79130391,1
79088829_jtfzQv7F.png,79088829,1
79139431_LhIKBj2d.png,79139431,1
79050338_MnLRVDpB.png,79050338,1
79129172_ZsqLXVmS.png,79129172,7
79130529_jym6aACF.png,79130529,3
79089650_plSVtpfg.png,79089650,5
79048715_Z4zwkeim.png,79048715,9
79144491_cWiaxG7g.png,79144491,6
79049633_IYFJ3HWk.png,79049633,1
79143869_Da6EbJ24.png,79143869,3
79131326_f3rwjF6t.png,79131326,4
